4969458,damage,Kryxoria,79,182687721,Priest-Holy,411997,19236.586.396092.410231.,1,187437,46189,233626,,3,True,,11,4cMq2CrTR7KFaPVD,2685,Scalecommander Sarkareth,5,0,False,28/09/23
4970723,damage,Cebulaczyna,156,121577266,Hunter-Marksmanship,411997,401187.288613.409678.396092.,1,37338,46279,233626,150009,6,True,,11,4cMq2CrTR7KFaPVD,2685,Scalecommander Sarkareth,5,0,False,28/09/23
5636107,damage,Nugera,74,181593749,Evoker-Augmentation,411997,410231.396092.,1,217654,15972,233626,,3,True,,13,4cMq2CrTR7KFaPVD,2685,Scalecommander Sarkareth,5,0,False,28/09/23
5638947,damage,Pepko,91,178016999,Paladin-Retribution,411997,31884.385126.396092.,1,190906,42720,233626,,4,True,,13,4cMq2CrTR7KFaPVD,2685,Scalecommander Sarkareth,5,0,False,28/09/23
5716247,damage,Bärman,77,181432362,Warrior-Fury,411997,396092.,1,199809,55055,254864,,3,True,,13,4cMq2CrTR7KFaPVD,2685,Scalecommander Sarkareth,5,0,False,28/09/23
5717869,damage,Shlauffu,88,182304349,Priest-Shadow,411997,,1,222326,32538,254864,,4,True,,13,4cMq2CrTR7KFaPVD,2685,Scalecommander Sarkareth,5,0,False,28/09/23
7415796,damage,Pepko,91,178016999,Paladin-Retribution,411997,401187.184662.31884.396092.385126.,1,135433,51370,233626,46823,3,True,,14,4cMq2CrTR7KFaPVD,2685,Scalecommander Sarkareth,5,0,False,28/09/23
7418636,damage,Peanutmage,114,180616658,Mage-Fire,411997,409678.,1,11261,48930,233626,173435,4,True,,14,4cMq2CrTR7KFaPVD,2685,Scalecommander Sarkareth,5,0,False,28/09/23
7901407,damage,Cebulaczyna,156,121577266,Hunter-Marksmanship,411997,,1,215252,18374,233626,,6,True,,15,4cMq2CrTR7KFaPVD,2685,Scalecommander Sarkareth,5,0,False,28/09/23
7902629,damage,Arathil,81,150634218,Warlock-Affliction,411997,409678.108366.396092.,1,0,19756,233626,213870,4,True,,15,4cMq2CrTR7KFaPVD,2685,Scalecommander Sarkareth,5,0,False,28/09/23
8357115,damage,Meeow,72,143983765,Druid-Feral,411997,,1,207023,33828,240851,,3,True,,16,4cMq2CrTR7KFaPVD,2685,Scalecommander Sarkareth,5,0,False,28/09/23
8989162,damage,Màmbà,76,183169964,Paladin-Holy,411997,6940.414133.31884.410231.385126.403295.375342.396092.,10,0,,,,,False,,18,4cMq2CrTR7KFaPVD,2685,Scalecommander Sarkareth,5,0,False,28/09/23
8989177,damage,Arathil,81,150634218,Warlock-Affliction,411997,401187.108366.396092.,1,24475,83079,233626,126072,3,True,,18,4cMq2CrTR7KFaPVD,2685,Scalecommander Sarkareth,5,0,False,28/09/23
8989177,damage,Kryxoria,79,182687721,Priest-Holy,411997,6940.401187.47788.410231.403295.586.19236.396092.,1,124489,55785,233626,53352,,False,Arathil,18,4cMq2CrTR7KFaPVD,2685,Scalecommander Sarkareth,5,0,False,28/09/23
8991201,damage,Gunqer,86,118902570,Druid-Restoration,411997,401187.410231.20707.,1,160974,36070,233626,36582,4,True,,18,4cMq2CrTR7KFaPVD,2685,Scalecommander Sarkareth,5,0,False,28/09/23
9858063,damage,Kryxoria,79,182687721,Priest-Holy,411997,401187.410231.396092.,1,200147,33479,233626,,3,True,,20,4cMq2CrTR7KFaPVD,2685,Scalecommander Sarkareth,5,0,False,28/09/23
9859275,damage,Pepko,91,178016999,Paladin-Retribution,411997,401187.31884.396092.385126.,1,194905,38721,233626,,4,True,,20,4cMq2CrTR7KFaPVD,2685,Scalecommander Sarkareth,5,0,False,28/09/23
9937010,damage,Arathil,81,150634218,Warlock-Affliction,411997,401187.396092.,1,232117,22747,254864,,3,True,,20,4cMq2CrTR7KFaPVD,2685,Scalecommander Sarkareth,5,0,False,28/09/23
10345203,damage,Peanutmage,114,180616658,Mage-Fire,411997,,1,166070,67556,233626,,3,True,,21,4cMq2CrTR7KFaPVD,2685,Scalecommander Sarkareth,5,0,False,28/09/23
10345203,damage,Gunqer,86,118902570,Druid-Restoration,411997,102342.410231.20707.,1,158595,75031,233626,,,False,Peanutmage,21,4cMq2CrTR7KFaPVD,2685,Scalecommander Sarkareth,5,0,False,28/09/23
10345203,damage,Klejnotnilu,5,182929355,DeathKnight-Blood,411997,195181.81256.180612.219788.,1,165568,33014,198582,,,False,Peanutmage,21,4cMq2CrTR7KFaPVD,2685,Scalecommander Sarkareth,5,0,False,28/09/23
10347646,damage,Grubi,75,180755381,Rogue-Assassination,411997,1966.396092.,1,206403,27223,233626,,4,True,,21,4cMq2CrTR7KFaPVD,2685,Scalecommander Sarkareth,5,0,False,28/09/23
10796901,damage,Meeow,72,143983765,Druid-Feral,411997,,1,194788,38838,233626,,3,True,,22,4cMq2CrTR7KFaPVD,2685,Scalecommander Sarkareth,5,0,False,28/09/23
10798109,damage,Killeen,69,181540927,Evoker-Devastation,411997,,1,190459,43167,233626,,4,True,,22,4cMq2CrTR7KFaPVD,2685,Scalecommander Sarkareth,5,0,False,28/09/23
11167385,damage,Pepko,91,178016999,Paladin-Retribution,411997,401187.184662.31884.396092.385126.,1,115266,48271,233626,70089,3,True,,23,4cMq2CrTR7KFaPVD,2685,Scalecommander Sarkareth,5,0,False,28/09/23
11168594,damage,Màmbà,76,183169964,Paladin-Holy,411997,6940.401187.31884.410231.385126.396092.,10,0,,,,,False,Pepko,23,4cMq2CrTR7KFaPVD,2685,Scalecommander Sarkareth,5,0,False,28/09/23
11168594,damage,Qquo,70,165177271,Priest-Shadow,411997,396092.403275.347901.,1,55131,46276,233626,132219,4,True,,23,4cMq2CrTR7KFaPVD,2685,Scalecommander Sarkareth,5,0,False,28/09/23
11168594,damage,Killeen,69,181540927,Evoker-Devastation,411997,409678.,1,8714,42668,233626,182244,,False,Qquo,23,4cMq2CrTR7KFaPVD,2685,Scalecommander Sarkareth,5,0,False,28/09/23
11168594,damage,Lefox,87,175528845,Shaman-Restoration,411997,396092.410231.,1,191859,41767,233626,,,False,Qquo,23,4cMq2CrTR7KFaPVD,2685,Scalecommander Sarkareth,5,0,False,28/09/23
11246343,damage,Pepko,91,178016999,Paladin-Retribution,411997,31884.385126.,1,218334,36530,254864,,3,True,,23,4cMq2CrTR7KFaPVD,2685,Scalecommander Sarkareth,5,0,False,28/09/23
11248740,damage,Shlauffu,88,182304349,Priest-Shadow,411997,,1,191056,63808,254864,,4,True,,23,4cMq2CrTR7KFaPVD,2685,Scalecommander Sarkareth,5,0,False,28/09/23
3258553,damage,Owsianko,107,180528313,DeathKnight-Unholy,411997,414133.396092.48707.,1,0,16615,198582,181967,3,True,,5,4cMq2CrTR7KFaPVD,2685,Scalecommander Sarkareth,5,0,False,28/09/23
3260576,damage,Màmbà,76,183169964,Paladin-Holy,411997,31884.410231.385126.375342.396092.,10,0,,,,,False,Owsianko,5,4cMq2CrTR7KFaPVD,2685,Scalecommander Sarkareth,5,0,False,28/09/23
3260576,damage,Prohus,78,181500240,Evoker-Augmentation,411997,401187.410231.409678.,1,101311,31202,226617,94104,4,True,,5,4cMq2CrTR7KFaPVD,2685,Scalecommander Sarkareth,5,0,False,28/09/23
3260576,damage,Shlauffu,88,182304349,Priest-Shadow,411997,409678.,1,0,40754,226617,185863,,False,Prohus,5,4cMq2CrTR7KFaPVD,2685,Scalecommander Sarkareth,5,0,False,28/09/23
3260576,damage,Killeen,69,181540927,Evoker-Devastation,411997,409678.,1,0,59617,226617,167000,,False,Prohus,5,4cMq2CrTR7KFaPVD,2685,Scalecommander Sarkareth,5,0,False,28/09/23
3338672,damage,Arathil,81,150634218,Warlock-Affliction,411997,401187.396092.,1,197637,49581,247218,,3,True,,5,4cMq2CrTR7KFaPVD,2685,Scalecommander Sarkareth,5,0,False,28/09/23
4109178,damage,Gunqer,86,118902570,Druid-Restoration,411997,410231.,1,194102,39524,233626,,3,True,,7,4cMq2CrTR7KFaPVD,2685,Scalecommander Sarkareth,5,0,False,28/09/23
4109178,damage,Pazuzell,73,140773839,DemonHunter-Vengeance,411997,401187.414133.391166.391171.360827.396092.258920.247456.207771.,1,64086,34859,100926,1981,7,True,,7,4cMq2CrTR7KFaPVD,2685,Scalecommander Sarkareth,5,0,False,28/09/23
4109178,damage,Grubi,75,180755381,Rogue-Subtlety,411997,396092.386237.403275.,1,180868,52758,233626,,,False,Pazuzell,7,4cMq2CrTR7KFaPVD,2685,Scalecommander Sarkareth,5,0,False,28/09/23
4109178,damage,Bärman,77,181432362,Warrior-Fury,411997,107574.396092.,1,179620,54006,233626,,,False,Pazuzell,7,4cMq2CrTR7KFaPVD,2685,Scalecommander Sarkareth,5,0,False,28/09/23
4111214,damage,Màmbà,76,183169964,Paladin-Holy,411997,401187.31884.410231.396092.,10,0,,,,4,True,,7,4cMq2CrTR7KFaPVD,2685,Scalecommander Sarkareth,5,0,False,28/09/23
4111214,damage,Qquo,70,165177271,Priest-Shadow,411997,409678.396092.347901.,1,0,24737,233626,208889,,False,Màmbà,7,4cMq2CrTR7KFaPVD,2685,Scalecommander Sarkareth,5,0,False,28/09/23
10665180,damage,Peanutmage,242,180616658,Mage-Fire,411997,45438.,10,0,,,,4,True,,24,7h1LjD63q9AQWfcw,2685,Scalecommander Sarkareth,5,0,False,13/09/23
11504308,damage,Lorellion,244,182995854,Paladin-Holy,411997,31884.20707.396174.,1,211497,22129,233626,,3,True,,26,7h1LjD63q9AQWfcw,2685,Scalecommander Sarkareth,5,0,False,13/09/23
11505525,damage,Qquo,211,165177271,Priest-Shadow,411997,586.396092.19236.347901.403275.,1,0,67238,233626,166388,4,True,,26,7h1LjD63q9AQWfcw,2685,Scalecommander Sarkareth,5,0,False,13/09/23
13449883,damage,Gunqer,302,118902570,Druid-Restoration,411997,410231.,1,209343,31508,240851,,3,True,,30,7h1LjD63q9AQWfcw,2685,Scalecommander Sarkareth,5,0,False,13/09/23
13452317,damage,Qquo,211,165177271,Priest-Shadow,411997,396092.347901.,1,185495,29562,240851,25794,4,True,,30,7h1LjD63q9AQWfcw,2685,Scalecommander Sarkareth,5,0,False,13/09/23
13452317,damage,Gunqer,302,118902570,Druid-Restoration,411997,,1,209343,31508,240851,,,False,Qquo,30,7h1LjD63q9AQWfcw,2685,Scalecommander Sarkareth,5,0,False,13/09/23
14601596,damage,Meeow,215,143983765,Druid-Feral,411997,401187.,1,196734,44117,240851,,3,True,,34,7h1LjD63q9AQWfcw,2685,Scalecommander Sarkareth,5,0,False,13/09/23
16500132,damage,Lefox,216,175528845,Shaman-Restoration,411997,410231.403295.396092.,1,200489,33137,233626,,3,True,,40,7h1LjD63q9AQWfcw,2685,Scalecommander Sarkareth,5,0,False,13/09/23
16502138,damage,Grubi,210,180755381,Rogue-Assassination,411997,396092.,1,206404,27222,233626,,4,True,,40,7h1LjD63q9AQWfcw,2685,Scalecommander Sarkareth,5,0,False,13/09/23
16502138,damage,Owsianko,213,180528313,DeathKnight-Blood,411997,396092.195181.219788.180612.55233.81256.,1,195354,38272,233626,,,False,Grubi,40,7h1LjD63q9AQWfcw,2685,Scalecommander Sarkareth,5,0,False,13/09/23
1107966,damage,Arathil,18,150634218,Warlock-Affliction,411997,108366.396092.,1,86442,14272,233626,132912,3,True,,2,AXkp62hCnzFdy9PL,2685,Scalecommander Sarkareth,5,0,False,01/10/23
1107966,damage,Catherinee,6,180636202,Monk-Windwalker,411997,,1,183623,50003,233626,,,False,Arathil,2,AXkp62hCnzFdy9PL,2685,Scalecommander Sarkareth,5,0,False,01/10/23
1107966,damage,Pepko,14,178016999,Paladin-Retribution,411997,31884.385126.396092.,1,187088,46538,233626,,,False,Arathil,2,AXkp62hCnzFdy9PL,2685,Scalecommander Sarkareth,5,0,False,01/10/23
1107966,damage,Meeow,20,143983765,Druid-Feral,411997,,1,194789,38837,233626,,,False,Arathil,2,AXkp62hCnzFdy9PL,2685,Scalecommander Sarkareth,5,0,False,01/10/23
1107966,damage,Nugera,4,181593749,Evoker-Augmentation,411997,410231.396092.403275.,1,202679,30947,233626,,,False,Arathil,2,AXkp62hCnzFdy9PL,2685,Scalecommander Sarkareth,5,0,False,01/10/23
1107966,damage,Grubi,8,180755381,Rogue-Subtlety,411997,396092.,1,196945,36681,233626,,,False,Arathil,2,AXkp62hCnzFdy9PL,2685,Scalecommander Sarkareth,5,0,False,01/10/23
1107966,damage,Bärman,9,181432362,Warrior-Fury,411997,396092.107574.,1,185813,47813,233626,,,False,Arathil,2,AXkp62hCnzFdy9PL,2685,Scalecommander Sarkareth,5,0,False,01/10/23
1108777,damage,Prohus,17,181500240,Evoker-Augmentation,411997,410231.409678.,1,143074,57049,233626,33503,4,True,,2,AXkp62hCnzFdy9PL,2685,Scalecommander Sarkareth,5,0,False,01/10/23
1186442,damage,Gunqer,15,118902570,Druid-Restoration,411997,410231.22812.,1,175801,79063,254864,,3,True,,2,AXkp62hCnzFdy9PL,2685,Scalecommander Sarkareth,5,0,False,01/10/23
1575171,damage,Bärman,9,181432362,Warrior-Fury,411997,396092.403275.107574.,1,165802,67824,233626,,3,True,,3,AXkp62hCnzFdy9PL,2685,Scalecommander Sarkareth,5,0,False,01/10/23
1575171,damage,Killeen,11,181540927,Evoker-Devastation,411997,,1,225784,7842,233626,,4,True,,3,AXkp62hCnzFdy9PL,2685,Scalecommander Sarkareth,5,0,False,01/10/23
1575171,damage,Nugera,4,181593749,Evoker-Augmentation,411997,410231.396092.403275.,1,202679,30947,233626,,,False,Killeen,3,AXkp62hCnzFdy9PL,2685,Scalecommander Sarkareth,5,0,False,01/10/23
2303870,damage,Bärman,9,181432362,Warrior-Fury,411997,396092.414133.107574.,1,162996,51529,233626,19101,3,True,,6,AXkp62hCnzFdy9PL,2685,Scalecommander Sarkareth,5,0,False,01/10/23
2303870,damage,Qquo,3,165177271,Priest-Shadow,411997,401187.396092.347901.,1,63560,44238,233626,125828,4,True,,6,AXkp62hCnzFdy9PL,2685,Scalecommander Sarkareth,5,0,False,01/10/23
2305479,damage,Qquo,3,165177271,Priest-Shadow,411997,401187.409678.396092.347901.,1,0,44239,233626,189387,4,True,,6,AXkp62hCnzFdy9PL,2685,Scalecommander Sarkareth,5,0,False,01/10/23
2305479,damage,Klejnotnilu,16,182929355,DeathKnight-Blood,411997,219788.81256.360827.180612.195181.,1,194785,38841,233626,,,False,Qquo,6,AXkp62hCnzFdy9PL,2685,Scalecommander Sarkareth,5,0,False,01/10/23
3118567,damage,Bärman,9,181432362,Warrior-Fury,411997,409678.396092.385391.107574.23920.,1,0,84976,233626,148650,3,True,,8,AXkp62hCnzFdy9PL,2685,Scalecommander Sarkareth,5,0,False,01/10/23
3119461,damage,Cebulaczyna,10,121577266,Hunter-Marksmanship,411997,288613.409678.396092.,1,35040,15220,233626,183366,6,True,,8,AXkp62hCnzFdy9PL,2685,Scalecommander Sarkareth,5,0,False,01/10/23
4120865,damage,Nugera,16,181593749,Evoker-Augmentation,411997,396092.410231.,1,211141,22485,233626,,3,True,,14,Ft431y92JxGWXL87,2685,Scalecommander Sarkareth,5,0,False,14/09/23
4923096,damage,Gunqer,8,118902570,Druid-Restoration,411997,20707.410231.,1,188542,38075,226617,,3,True,,16,Ft431y92JxGWXL87,2685,Scalecommander Sarkareth,5,0,False,14/09/23
4924732,damage,Catherinee,35,180636202,Monk-Windwalker,411997,,1,183623,50003,233626,,4,True,,16,Ft431y92JxGWXL87,2685,Scalecommander Sarkareth,5,0,False,14/09/23
4924732,damage,Qquo,18,165177271,Priest-Shadow,411997,396092.347901.,1,208905,24721,233626,,,False,Catherinee,16,Ft431y92JxGWXL87,2685,Scalecommander Sarkareth,5,0,False,14/09/23
4924732,damage,Killeen,22,181540927,Evoker-Devastation,411997,363916.,1,146526,87100,233626,,,False,Catherinee,16,Ft431y92JxGWXL87,2685,Scalecommander Sarkareth,5,0,False,14/09/23
7061635,damage,Meeow,9,143983765,Druid-Feral,411997,,1,177500,56126,233626,,3,True,,19,Ft431y92JxGWXL87,2685,Scalecommander Sarkareth,5,0,False,14/09/23
7061635,damage,Peanutmage,6,180616658,Mage-Fire,411997,401187.,1,161332,72294,233626,,,False,Meeow,19,Ft431y92JxGWXL87,2685,Scalecommander Sarkareth,5,0,False,14/09/23
7061635,damage,Gunqer,8,118902570,Druid-Restoration,411997,20707.410231.,1,190907,42719,233626,,,False,Meeow,19,Ft431y92JxGWXL87,2685,Scalecommander Sarkareth,5,0,False,14/09/23
7063261,damage,Lefox,17,175528845,Shaman-Restoration,411997,410231.401187.396092.,1,184889,48737,233626,,,False,Meeow,19,Ft431y92JxGWXL87,2685,Scalecommander Sarkareth,5,0,False,14/09/23
10453761,damage,Cebulaczyna,10,121577266,Hunter-Marksmanship,411997,288613.396092.,1,119010,31871,233626,,6,True,,34,Ft431y92JxGWXL87,2685,Scalecommander Sarkareth,5,0,False,14/09/23
10453761,damage,Pazuzell,1,140773839,DemonHunter-Vengeance,411997,396092.391166.360827.203819.974.258920.207771.247456.,1,84918,32829,117747,,,False,Cebulaczyna,34,Ft431y92JxGWXL87,2685,Scalecommander Sarkareth,5,0,False,14/09/23
10453761,damage,Catherinee,35,180636202,Monk-Windwalker,411997,122470.120954.,1,0,86727,233626,146899,,False,Cebulaczyna,34,Ft431y92JxGWXL87,2685,Scalecommander Sarkareth,5,0,False,14/09/23
10453761,damage,Wajpcieto,2,162459010,Shaman-Enhancement,411997,396092.198103.,1,200768,32858,233626,,,False,Cebulaczyna,34,Ft431y92JxGWXL87,2685,Scalecommander Sarkareth,5,0,False,14/09/23
10455747,damage,Kryxoria,4,182687721,Priest-Holy,411997,410231.396092.,1,202031,31595,233626,,4,True,,34,Ft431y92JxGWXL87,2685,Scalecommander Sarkareth,5,0,False,14/09/23
10455747,damage,Pazuzell,1,140773839,DemonHunter-Vengeance,411997,396092.391166.360827.203819.974.258920.207771.247456.,1,91712,31642,123354,,,False,Kryxoria,34,Ft431y92JxGWXL87,2685,Scalecommander Sarkareth,5,0,False,14/09/23
10455747,damage,Wajpcieto,2,162459010,Shaman-Enhancement,411997,396092.198103.,1,200769,32857,233626,,,False,Kryxoria,34,Ft431y92JxGWXL87,2685,Scalecommander Sarkareth,5,0,False,14/09/23
10455747,damage,Catherinee,35,180636202,Monk-Windwalker,411997,122470.120954.,1,5067,86728,233626,141831,,False,Kryxoria,34,Ft431y92JxGWXL87,2685,Scalecommander Sarkareth,5,0,False,14/09/23
10455747,damage,Bärman,5,181432362,Warrior-Fury,411997,107574.403275.396092.,1,185828,47798,233626,,,False,Kryxoria,34,Ft431y92JxGWXL87,2685,Scalecommander Sarkareth,5,0,False,14/09/23
10455747,damage,Peanutmage,6,180616658,Mage-Fire,411997,,1,166588,67038,233626,,,False,Kryxoria,34,Ft431y92JxGWXL87,2685,Scalecommander Sarkareth,5,0,False,14/09/23
10868718,damage,Qquo,18,165177271,Priest-Shadow,411997,396092.347901.,1,151585,24721,233626,57320,3,True,,35,Ft431y92JxGWXL87,2685,Scalecommander Sarkareth,5,0,False,14/09/23
10868718,damage,Kryxoria,4,182687721,Priest-Holy,411997,396092.410231.,1,202031,31595,233626,,,False,Qquo,35,Ft431y92JxGWXL87,2685,Scalecommander Sarkareth,5,0,False,14/09/23
10868718,damage,Gunqer,8,118902570,Druid-Restoration,411997,20707.410231.,1,194373,39253,233626,,,False,Qquo,35,Ft431y92JxGWXL87,2685,Scalecommander Sarkareth,5,0,False,14/09/23
10870318,damage,Shlauffu,23,182304349,Priest-Shadow,411997,403275.,1,98845,15454,233626,119327,4,True,,35,Ft431y92JxGWXL87,2685,Scalecommander Sarkareth,5,0,False,14/09/23
10870318,damage,Kryxoria,4,182687721,Priest-Holy,411997,396092.410231.,1,202032,31594,233626,,,False,Shlauffu,35,Ft431y92JxGWXL87,2685,Scalecommander Sarkareth,5,0,False,14/09/23
10870318,damage,Gunqer,8,118902570,Druid-Restoration,411997,20707.410231.,1,194373,39253,233626,,,False,Shlauffu,35,Ft431y92JxGWXL87,2685,Scalecommander Sarkareth,5,0,False,14/09/23
10870318,damage,Killeen,22,181540927,Evoker-Devastation,411997,,1,193925,39701,233626,,,False,Shlauffu,35,Ft431y92JxGWXL87,2685,Scalecommander Sarkareth,5,0,False,14/09/23
10870318,damage,Lefox,17,175528845,Shaman-Restoration,411997,381684.410231.,1,189746,43880,233626,,,False,Shlauffu,35,Ft431y92JxGWXL87,2685,Scalecommander Sarkareth,5,0,False,14/09/23
10870318,damage,Prohus,3,181500240,Evoker-Augmentation,411997,410231.,1,176193,57433,233626,,,False,Shlauffu,35,Ft431y92JxGWXL87,2685,Scalecommander Sarkareth,5,0,False,14/09/23
10870344,damage,Cebulaczyna,10,121577266,Hunter-Marksmanship,411997,288613.396092.,1,182066,51560,233626,,6,True,,35,Ft431y92JxGWXL87,2685,Scalecommander Sarkareth,5,0,False,14/09/23
1852397,damage,Lefox,14,175528845,Shaman-Restoration,411997,396092.,1,192164,48687,240851,,3,True,,10,LPNdwMtQkRA17Z6b,2685,Scalecommander Sarkareth,5,0,False,21/09/23
2696792,damage,Owsianko,41,180528313,DeathKnight-Unholy,411997,48707.396092.,1,133106,11639,233626,88881,4,True,,12,LPNdwMtQkRA17Z6b,2685,Scalecommander Sarkareth,5,0,False,21/09/23
5543444,damage,Kryxoria,13,182687721,Priest-Holy,411997,410231.396092.,1,195955,30662,226617,,3,True,,20,LPNdwMtQkRA17Z6b,2685,Scalecommander Sarkareth,5,0,False,21/09/23
5545464,damage,Catherinee,20,180636202,Monk-Windwalker,411997,,1,178114,48503,226617,,4,True,,20,LPNdwMtQkRA17Z6b,2685,Scalecommander Sarkareth,5,0,False,21/09/23
6931848,damage,Màmbà,21,183169964,Paladin-Holy,411997,31884.403295.498.375342.410231.6940.385126.396092.,10,0,,,,,False,,21,LPNdwMtQkRA17Z6b,2685,Scalecommander Sarkareth,5,0,False,21/09/23
6931848,damage,Shlauffu,53,182304349,Priest-Shadow,411997,586.,1,20741,70132,233626,142753,3,True,,21,LPNdwMtQkRA17Z6b,2685,Scalecommander Sarkareth,5,0,False,21/09/23
6931848,damage,Prohus,11,181500240,Evoker-Augmentation,411997,403264.363916.407254.6940.,1,0,100743,233626,132883,,False,Shlauffu,21,LPNdwMtQkRA17Z6b,2685,Scalecommander Sarkareth,5,0,False,21/09/23
6934272,damage,Arathil,5,150634218,Warlock-Affliction,411997,108366.403275.396092.,1,130663,24348,233626,78615,4,True,,21,LPNdwMtQkRA17Z6b,2685,Scalecommander Sarkareth,5,0,False,21/09/23
8019588,damage,Cebulaczyna,2,121577266,Hunter-Marksmanship,411997,401187.414133.288613.396092.,1,173532,23286,233626,36808,6,True,,22,LPNdwMtQkRA17Z6b,2685,Scalecommander Sarkareth,5,0,False,21/09/23
8022032,damage,Arathil,5,150634218,Warlock-Affliction,411997,401187.108366.396092.,1,80048,23683,233626,129895,4,True,,22,LPNdwMtQkRA17Z6b,2685,Scalecommander Sarkareth,5,0,False,21/09/23
8022032,damage,Peanutmage,4,180616658,Mage-Fire,411997,,1,165652,67974,233626,,,False,Arathil,22,LPNdwMtQkRA17Z6b,2685,Scalecommander Sarkareth,5,0,False,21/09/23
8790986,damage,Gunqer,19,118902570,Druid-Restoration,411997,410231.20707.,1,194373,39253,233626,,3,True,,24,LPNdwMtQkRA17Z6b,2685,Scalecommander Sarkareth,5,0,False,21/09/23
8790986,damage,Kryxoria,13,182687721,Priest-Holy,411997,410231.396092.,1,202016,31610,233626,,4,True,,24,LPNdwMtQkRA17Z6b,2685,Scalecommander Sarkareth,5,0,False,21/09/23
8792996,damage,Kryxoria,13,182687721,Priest-Holy,411997,410231.396092.,1,202016,31610,233626,,4,True,,24,LPNdwMtQkRA17Z6b,2685,Scalecommander Sarkareth,5,0,False,21/09/23
9271033,damage,Màmbà,21,183169964,Paladin-Holy,411997,31884.414133.410231.6940.,10,0,,,,,False,,25,LPNdwMtQkRA17Z6b,2685,Scalecommander Sarkareth,5,0,False,21/09/23
9271035,damage,Koozkie,101,154435992,Mage-Frost,411997,414133.382290.11426.,1,6194,30020,240851,204637,3,True,,25,LPNdwMtQkRA17Z6b,2685,Scalecommander Sarkareth,5,0,False,21/09/23
9271035,damage,Prohus,11,181500240,Evoker-Augmentation,411997,410651.360827.410231.,1,51954,56190,240851,132707,,False,Koozkie,25,LPNdwMtQkRA17Z6b,2685,Scalecommander Sarkareth,5,0,False,21/09/23
9271035,damage,Arathil,5,150634218,Warlock-Affliction,411997,108366.403275.396092.,1,67013,43511,240851,130327,,False,Koozkie,25,LPNdwMtQkRA17Z6b,2685,Scalecommander Sarkareth,5,0,False,21/09/23
9271035,damage,Gunqer,19,118902570,Druid-Restoration,411997,410231.20707.,1,196812,44039,240851,,,False,Koozkie,25,LPNdwMtQkRA17Z6b,2685,Scalecommander Sarkareth,5,0,False,21/09/23
9271035,damage,Kryxoria,13,182687721,Priest-Holy,411997,410231.396092.,1,208263,32588,240851,,,False,Koozkie,25,LPNdwMtQkRA17Z6b,2685,Scalecommander Sarkareth,5,0,False,21/09/23
9271035,damage,Meeow,18,143983765,Druid-Feral,411997,47788.6940.,1,137758,44054,240851,59039,,False,Koozkie,25,LPNdwMtQkRA17Z6b,2685,Scalecommander Sarkareth,5,0,False,21/09/23
9273044,damage,Shlauffu,53,182304349,Priest-Shadow,411997,414133.,1,48199,51821,240851,140831,4,True,,25,LPNdwMtQkRA17Z6b,2685,Scalecommander Sarkareth,5,0,False,21/09/23
9273044,damage,Peanutmage,4,180616658,Mage-Fire,411997,,1,190408,50443,240851,,,False,Shlauffu,25,LPNdwMtQkRA17Z6b,2685,Scalecommander Sarkareth,5,0,False,21/09/23
10018036,damage,Nugera,15,181593749,Evoker-Augmentation,411997,410231.396092.,1,193564,40062,233626,,3,True,,27,LPNdwMtQkRA17Z6b,2685,Scalecommander Sarkareth,5,0,False,21/09/23
10019258,damage,Bärman,1,181432362,Warrior-Fury,411997,385391.23920.396092.,1,143877,84975,233626,4774,4,True,,27,LPNdwMtQkRA17Z6b,2685,Scalecommander Sarkareth,5,0,False,21/09/23
10640681,damage,Màmbà,21,183169964,Paladin-Holy,411997,31884.498.375342.414133.410231.396092.,1,149684,71571,233626,12371,3,True,,29,LPNdwMtQkRA17Z6b,2685,Scalecommander Sarkareth,5,0,False,21/09/23
10643124,damage,Lefox,14,175528845,Shaman-Restoration,411997,401187.410231.108271.396092.,1,114174,119452,233626,,4,True,,29,LPNdwMtQkRA17Z6b,2685,Scalecommander Sarkareth,5,0,False,21/09/23
1334978,damage,Kryxoria,13,182687721,Priest-Holy,411997,401187.403295.414133.410231.396092.,1,195035,34497,233626,4094,,False,,9,LPNdwMtQkRA17Z6b,2685,Scalecommander Sarkareth,5,0,False,21/09/23
1334978,damage,Gunqer,19,118902570,Druid-Restoration,411997,410231.20707.403295.,1,194373,39253,233626,,,False,,9,LPNdwMtQkRA17Z6b,2685,Scalecommander Sarkareth,5,0,False,21/09/23
1334978,damage,Cebulaczyna,2,121577266,Hunter-Marksmanship,411997,288613.396092.,1,211854,21772,233626,,6,True,,9,LPNdwMtQkRA17Z6b,2685,Scalecommander Sarkareth,5,0,False,21/09/23
1337816,damage,Shlauffu,53,182304349,Priest-Shadow,411997,586.,1,15740,67336,233626,150550,4,True,,9,LPNdwMtQkRA17Z6b,2685,Scalecommander Sarkareth,5,0,False,21/09/23
11716269,damage,Bärman,266,181432362,Warrior-Fury,411997,107574.396092.403275.,1,195380,38246,233626,,3,True,,19,NactfMhvJ3BnPDkH,2685,Scalecommander Sarkareth,5,0,False,20/09/23
11718276,damage,Peanutmage,274,180616658,Mage-Fire,411997,,1,168403,65223,233626,,4,True,,19,NactfMhvJ3BnPDkH,2685,Scalecommander Sarkareth,5,0,False,20/09/23
17877527,damage,Catherinee,278,180636202,Monk-Windwalker,411997,,1,189302,51549,240851,,3,True,,40,NactfMhvJ3BnPDkH,2685,Scalecommander Sarkareth,5,0,False,20/09/23
17878327,damage,Prohus,264,181500240,Evoker-Augmentation,411997,410231.363916.407254.403264.,1,129450,111401,240851,,4,True,,40,NactfMhvJ3BnPDkH,2685,Scalecommander Sarkareth,5,0,False,20/09/23
3454794,damage,Killeen,8,181540927,Evoker-Devastation,411997,403275.401187.,1,212806,20820,233626,,3,True,,10,bCLzPgr8BfjHWZK4,2685,Scalecommander Sarkareth,5,0,False,01/10/23
3456018,damage,Pepko,4,178016999,Paladin-Retribution,411997,385126.31884.396092.,1,186133,47493,233626,,4,True,,10,bCLzPgr8BfjHWZK4,2685,Scalecommander Sarkareth,5,0,False,01/10/23
3456018,damage,Pazuzell,17,140773839,DemonHunter-Vengeance,411997,396092.203981.391166.974.203819.360827.247456.207771.,1,88961,34393,123354,,7,True,,10,bCLzPgr8BfjHWZK4,2685,Scalecommander Sarkareth,5,0,False,01/10/23
549477,damage,Lefox,13,175528845,Shaman-Restoration,411997,396092.410231.108271.,1,111555,122071,233626,,3,True,,2,bCLzPgr8BfjHWZK4,2685,Scalecommander Sarkareth,5,0,False,01/10/23
551048,damage,Arathil,1,150634218,Warlock-Demonology,411997,396092.409678.108446.387626.108366.401187.,1,0,46919,233626,186707,4,True,,2,bCLzPgr8BfjHWZK4,2685,Scalecommander Sarkareth,5,0,False,01/10/23
1135030,damage,Arathil,1,150634218,Warlock-Affliction,411997,396092.,1,174784,58842,233626,,3,True,,3,bCLzPgr8BfjHWZK4,2685,Scalecommander Sarkareth,5,0,False,01/10/23
1137032,damage,Prohus,6,181500240,Evoker-Augmentation,411997,409678.410231.,1,111111,32238,233626,90277,4,True,,3,bCLzPgr8BfjHWZK4,2685,Scalecommander Sarkareth,5,0,False,01/10/23
1213985,damage,Meeow,10,143983765,Druid-Feral,411997,22812.,1,166619,88245,254864,,3,True,,3,bCLzPgr8BfjHWZK4,2685,Scalecommander Sarkareth,5,0,False,01/10/23
1754274,damage,Kryxoria,21,182687721,Priest-Holy,411997,396092.410231.,1,208263,25363,233626,,3,True,,4,bCLzPgr8BfjHWZK4,2685,Scalecommander Sarkareth,5,0,False,01/10/23
1755050,damage,Meeow,10,143983765,Druid-Feral,411997,414133.,1,173088,49072,233626,11466,4,True,,4,bCLzPgr8BfjHWZK4,2685,Scalecommander Sarkareth,5,0,False,01/10/23
1833210,damage,Lefox,13,175528845,Shaman-Restoration,411997,396092.410231.401187.,1,211540,43324,254864,,3,True,,4,bCLzPgr8BfjHWZK4,2685,Scalecommander Sarkareth,5,0,False,01/10/23
1835220,damage,Pepko,4,178016999,Paladin-Retribution,411997,385126.396092.,1,208261,46603,254864,,4,True,,4,bCLzPgr8BfjHWZK4,2685,Scalecommander Sarkareth,5,0,False,01/10/23
11317332,damage,Bärman,157,181432362,Warrior-Fury,411997,107574.403275.396092.,1,180288,47813,233626,5525,3,True,,12,fVzjtxmbL8DYvhdW,2685,Scalecommander Sarkareth,5,0,False,27/09/23
11317332,damage,Meeow,194,143983765,Druid-Feral,411997,22812.385787.,1,83087,77795,233626,72744,,False,Bärman,12,fVzjtxmbL8DYvhdW,2685,Scalecommander Sarkareth,5,0,False,27/09/23
12002433,damage,Meeow,194,143983765,Druid-Feral,411997,,1,167460,38837,233626,27329,3,True,,14,fVzjtxmbL8DYvhdW,2685,Scalecommander Sarkareth,5,0,False,27/09/23
12004456,damage,Pepko,197,178016999,Paladin-Retribution,411997,31884.414133.385126.396092.184662.,1,0,49084,233626,184542,4,True,,14,fVzjtxmbL8DYvhdW,2685,Scalecommander Sarkareth,5,0,False,27/09/23
12004456,damage,Klejnotnilu,159,182929355,DeathKnight-Blood,411997,195181.55233.219788.,1,194785,38841,233626,,,False,Pepko,14,fVzjtxmbL8DYvhdW,2685,Scalecommander Sarkareth,5,0,False,27/09/23
12951913,damage,Màmbà,192,183169964,Paladin-Holy,411997,31884.410231.396092.,10,0,,,,,False,,17,fVzjtxmbL8DYvhdW,2685,Scalecommander Sarkareth,5,0,False,27/09/23
12951913,damage,Owsianko,161,180528313,DeathKnight-Unholy,411997,48792.49039.396092.,1,79043,121129,233626,,4,True,,17,fVzjtxmbL8DYvhdW,2685,Scalecommander Sarkareth,5,0,False,27/09/23
15492428,damage,Shlauffu,200,182304349,Priest-Shadow,411997,403295.,1,54300,42525,233626,136801,3,True,,20,fVzjtxmbL8DYvhdW,2685,Scalecommander Sarkareth,5,0,False,27/09/23
16109116,damage,Grubi,164,180755381,Rogue-Subtlety,411997,45182.396092.,1,28637,204989,233626,,4,True,,21,fVzjtxmbL8DYvhdW,2685,Scalecommander Sarkareth,5,0,False,27/09/23
16958406,damage,Nugera,203,181593749,Evoker-Augmentation,411997,410231.396092.,1,217653,15973,233626,,3,True,,23,fVzjtxmbL8DYvhdW,2685,Scalecommander Sarkareth,5,0,False,27/09/23
16958406,damage,Arathil,154,150634218,Warlock-Demonology,411997,108366.401187.108446.396092.,1,28915,91912,233626,112799,,False,Nugera,23,fVzjtxmbL8DYvhdW,2685,Scalecommander Sarkareth,5,0,False,27/09/23
16958406,damage,Lefox,198,175528845,Shaman-Restoration,411997,410231.401187.396092.,1,183441,50185,233626,,,False,Nugera,23,fVzjtxmbL8DYvhdW,2685,Scalecommander Sarkareth,5,0,False,27/09/23
16958406,damage,Prohus,160,181500240,Evoker-Augmentation,411997,410231.401187.,1,170291,63335,233626,,,False,Nugera,23,fVzjtxmbL8DYvhdW,2685,Scalecommander Sarkareth,5,0,False,27/09/23
16958406,damage,Gunqer,253,118902570,Druid-Restoration,411997,410231.401187.20707.,1,191323,42303,233626,,,False,Nugera,23,fVzjtxmbL8DYvhdW,2685,Scalecommander Sarkareth,5,0,False,27/09/23
16958406,damage,Killeen,167,181540927,Evoker-Augmentation,411997,410231.401187.,1,180698,52928,233626,,,False,Nugera,23,fVzjtxmbL8DYvhdW,2685,Scalecommander Sarkareth,5,0,False,27/09/23
16958409,damage,Kryxoria,168,182687721,Priest-Holy,411997,410231.414133.401187.396092.,1,182442,37734,233626,13450,,False,Nugera,23,fVzjtxmbL8DYvhdW,2685,Scalecommander Sarkareth,5,0,False,27/09/23
16960415,damage,Bärman,157,181432362,Warrior-Fury,411997,107574.403275.385391.401187.23920.396092.,1,129977,103649,233626,,4,True,,23,fVzjtxmbL8DYvhdW,2685,Scalecommander Sarkareth,5,0,False,27/09/23
17477019,damage,Peanutmage,166,180616658,Mage-Fire,411997,235313.,1,57892,39853,233626,135881,4,True,,24,fVzjtxmbL8DYvhdW,2685,Scalecommander Sarkareth,5,0,False,27/09/23
18051989,damage,Meeow,194,143983765,Druid-Feral,411997,,1,194788,38838,233626,,3,True,,25,fVzjtxmbL8DYvhdW,2685,Scalecommander Sarkareth,5,0,False,27/09/23
18051989,damage,Bärman,157,181432362,Warrior-Fury,411997,414133.107574.,1,183407,44754,233626,5465,,False,Meeow,25,fVzjtxmbL8DYvhdW,2685,Scalecommander Sarkareth,5,0,False,27/09/23
18054016,damage,Qquo,165,165177271,Priest-Shadow,411997,347901.586.19236.401187.396092.,1,54022,42476,233626,137128,4,True,,25,fVzjtxmbL8DYvhdW,2685,Scalecommander Sarkareth,5,0,False,27/09/23
18600695,damage,Màmbà,192,183169964,Paladin-Holy,411997,375342.31884.410231.414133.401187.6940.396092.,10,0,,,,3,True,,26,fVzjtxmbL8DYvhdW,2685,Scalecommander Sarkareth,5,0,False,27/09/23
18600695,damage,Grubi,164,180755381,Rogue-Subtlety,411997,1966.401187.6940.396092.,1,123544,57135,233626,52947,,False,Màmbà,26,fVzjtxmbL8DYvhdW,2685,Scalecommander Sarkareth,5,0,False,27/09/23
18601512,damage,Bärman,157,181432362,Warrior-Fury,411997,107574.385391.401187.23920.396092.,1,151804,81822,233626,,4,True,,26,fVzjtxmbL8DYvhdW,2685,Scalecommander Sarkareth,5,0,False,27/09/23
19083238,damage,Peanutmage,166,180616658,Mage-Fire,411997,,1,184696,48930,233626,,3,True,,27,fVzjtxmbL8DYvhdW,2685,Scalecommander Sarkareth,5,0,False,27/09/23
19083238,damage,Arathil,154,150634218,Warlock-Affliction,411997,403295.108366.396092.,1,76068,20852,233626,136706,,False,Peanutmage,27,fVzjtxmbL8DYvhdW,2685,Scalecommander Sarkareth,5,0,False,27/09/23
19083238,damage,Cebulaczyna,163,121577266,Hunter-Marksmanship,411997,288613.396092.,1,189427,44199,233626,,6,True,,27,fVzjtxmbL8DYvhdW,2685,Scalecommander Sarkareth,5,0,False,27/09/23
19083238,damage,Qquo,165,165177271,Priest-Shadow,411997,347901.403275.396092.,1,173333,60293,233626,,,False,Cebulaczyna,27,fVzjtxmbL8DYvhdW,2685,Scalecommander Sarkareth,5,0,False,27/09/23
19083238,damage,Prohus,160,181500240,Evoker-Augmentation,411997,410231.,1,168008,65618,233626,,,False,Cebulaczyna,27,fVzjtxmbL8DYvhdW,2685,Scalecommander Sarkareth,5,0,False,27/09/23
19084062,damage,Grubi,164,180755381,Rogue-Subtlety,411997,1966.386237.409678.396092.,1,123358,52758,233626,57510,4,True,,27,fVzjtxmbL8DYvhdW,2685,Scalecommander Sarkareth,5,0,False,27/09/23
19084062,damage,Nugera,203,181593749,Evoker-Augmentation,411997,403295.410231.409678.396092.,1,39582,45819,233626,148225,,False,Grubi,27,fVzjtxmbL8DYvhdW,2685,Scalecommander Sarkareth,5,0,False,27/09/23
19084062,damage,Killeen,167,181540927,Evoker-Augmentation,411997,403264.410231.409678.,1,42200,48460,233626,142966,,False,Grubi,27,fVzjtxmbL8DYvhdW,2685,Scalecommander Sarkareth,5,0,False,27/09/23
19162182,damage,Pepko,197,178016999,Paladin-Retribution,411997,385126.403275.31884.401187.396092.,1,182005,72859,254864,,3,True,,27,fVzjtxmbL8DYvhdW,2685,Scalecommander Sarkareth,5,0,False,27/09/23
19164206,damage,Killeen,167,181540927,Evoker-Augmentation,411997,403264.410231.401187.6940.,1,121030,81965,254864,51869,4,True,,27,fVzjtxmbL8DYvhdW,2685,Scalecommander Sarkareth,5,0,False,27/09/23
19164206,damage,Pepko,197,178016999,Paladin-Retribution,411997,385126.401187.396092.,1,181450,73414,254864,,,False,Killeen,27,fVzjtxmbL8DYvhdW,2685,Scalecommander Sarkareth,5,0,False,27/09/23
10200495,damage,Killeen,167,181540927,Evoker-Devastation,411997,,1,191940,22629,233626,19057,3,True,,9,fVzjtxmbL8DYvhdW,2685,Scalecommander Sarkareth,5,0,False,27/09/23
10202518,damage,Qquo,165,165177271,Priest-Shadow,411997,347901.396092.,1,0,181403,233626,52223,4,True,,9,fVzjtxmbL8DYvhdW,2685,Scalecommander Sarkareth,5,0,False,27/09/23
10202518,damage,Kryxoria,168,182687721,Priest-Holy,411997,410231.396092.,1,202015,31611,233626,,,False,Qquo,9,fVzjtxmbL8DYvhdW,2685,Scalecommander Sarkareth,5,0,False,27/09/23
10202518,damage,Killeen,167,181540927,Evoker-Devastation,411997,,1,209323,24303,233626,,,False,Qquo,9,fVzjtxmbL8DYvhdW,2685,Scalecommander Sarkareth,5,0,False,27/09/23
8739501,damage,Kryxoria,133,182687721,Priest-Holy,411997,401187.410231.371172.396092.,1,198899,34727,233626,,3,True,,18,kxLdcyKrfm3VZBaF,2685,Scalecommander Sarkareth,5,0,False,04/10/23
8740712,damage,Pepko,93,178016999,Paladin-Retribution,411997,401187.31884.385126.,1,182445,44879,233626,6302,4,True,,18,kxLdcyKrfm3VZBaF,2685,Scalecommander Sarkareth,5,0,False,04/10/23
8819745,damage,Pepko,93,178016999,Paladin-Retribution,411997,31884.385126.,1,208261,46603,254864,,3,True,,18,kxLdcyKrfm3VZBaF,2685,Scalecommander Sarkareth,5,0,False,04/10/23
9563963,damage,Bärman,88,181432362,Warrior-Fury,411997,401187.410231.107574.414133.396092.403275.,1,166618,51651,233626,15357,3,True,,19,kxLdcyKrfm3VZBaF,2685,Scalecommander Sarkareth,5,0,False,04/10/23
10447730,damage,Grubi,94,180755381,Rogue-Assassination,411997,396092.1966.,1,204873,28753,233626,,3,True,,21,kxLdcyKrfm3VZBaF,2685,Scalecommander Sarkareth,5,0,False,04/10/23
10447730,damage,Killeen,102,181540927,Evoker-Devastation,411997,,1,193011,40615,233626,,,False,Grubi,21,kxLdcyKrfm3VZBaF,2685,Scalecommander Sarkareth,5,0,False,04/10/23
10447730,damage,Shlauffu,104,182304349,Priest-Shadow,411997,586.,1,18513,64541,233626,150572,,False,Grubi,21,kxLdcyKrfm3VZBaF,2685,Scalecommander Sarkareth,5,0,False,04/10/23
10447730,damage,Owsianko,100,180528313,DeathKnight-Unholy,411997,207203.48707.396092.49039.47788.6940.,1,0,44699,198582,153883,,False,Grubi,21,kxLdcyKrfm3VZBaF,2685,Scalecommander Sarkareth,5,0,False,04/10/23
10449759,damage,Cebulaczyna,135,121577266,Hunter-Marksmanship,411997,288613.403275.,1,191321,42305,233626,,6,True,,21,kxLdcyKrfm3VZBaF,2685,Scalecommander Sarkareth,5,0,False,04/10/23
10527855,damage,Qquo,103,165177271,Priest-Shadow,411997,193065.396092.,1,198254,56610,254864,,3,True,,21,kxLdcyKrfm3VZBaF,2685,Scalecommander Sarkareth,5,0,False,04/10/23
11139887,damage,Arathil,85,150634218,Warlock-Affliction,411997,108366.396092.,1,50588,41729,233626,141309,3,True,,25,kxLdcyKrfm3VZBaF,2685,Scalecommander Sarkareth,5,0,False,04/10/23
11142710,damage,Qquo,103,165177271,Priest-Shadow,411997,396092.409678.403275.,1,0,24737,233626,208889,4,True,,25,kxLdcyKrfm3VZBaF,2685,Scalecommander Sarkareth,5,0,False,04/10/23
11222548,damage,Lefox,129,175528845,Shaman-Restoration,411997,401187.410231.396092.,1,193721,61143,254864,,4,True,,25,kxLdcyKrfm3VZBaF,2685,Scalecommander Sarkareth,5,0,False,04/10/23
11821314,damage,Cebulaczyna,135,121577266,Hunter-Marksmanship,411997,288613.396092.,1,211854,21772,233626,,6,True,,26,kxLdcyKrfm3VZBaF,2685,Scalecommander Sarkareth,5,0,False,04/10/23
11822547,damage,Grubi,94,180755381,Rogue-Subtlety,411997,414133.396092.403275.1966.,1,185220,37041,233626,11365,4,True,,26,kxLdcyKrfm3VZBaF,2685,Scalecommander Sarkareth,5,0,False,04/10/23
12314289,damage,Qquo,103,165177271,Priest-Shadow,411997,401187.586.414133.396092.19236.403275.,1,0,85717,233626,147909,3,True,,27,kxLdcyKrfm3VZBaF,2685,Scalecommander Sarkareth,5,0,False,04/10/23
12314696,damage,Lefox,129,175528845,Shaman-Restoration,411997,401187.410231.396092.381684.,1,187899,45727,233626,,4,True,,27,kxLdcyKrfm3VZBaF,2685,Scalecommander Sarkareth,5,0,False,04/10/23
12314696,damage,Catherinee,105,180636202,Monk-Windwalker,411997,,1,183623,50003,233626,,,False,Lefox,27,kxLdcyKrfm3VZBaF,2685,Scalecommander Sarkareth,5,0,False,04/10/23
12314696,damage,Gunqer,183,118902570,Druid-Restoration,411997,401187.410231.20707.,1,191322,42304,233626,,,False,Lefox,27,kxLdcyKrfm3VZBaF,2685,Scalecommander Sarkareth,5,0,False,04/10/23
12314696,damage,Bärman,88,181432362,Warrior-Fury,411997,410231.107574.396092.403275.,1,183087,50539,233626,,,False,Lefox,27,kxLdcyKrfm3VZBaF,2685,Scalecommander Sarkareth,5,0,False,04/10/23
12314696,damage,Owsianko,100,180528313,DeathKnight-Unholy,411997,207203.396092.,1,144677,12901,198582,41004,,False,Lefox,27,kxLdcyKrfm3VZBaF,2685,Scalecommander Sarkareth,5,0,False,04/10/23
12392835,damage,Arathil,85,150634218,Warlock-Affliction,411997,396092.108416.,1,199454,54853,254864,557,3,True,,27,kxLdcyKrfm3VZBaF,2685,Scalecommander Sarkareth,5,0,False,04/10/23
12394822,damage,Pepko,93,178016999,Paladin-Retribution,411997,396092.385126.403275.,1,182497,72367,254864,,4,True,,27,kxLdcyKrfm3VZBaF,2685,Scalecommander Sarkareth,5,0,False,04/10/23
12478607,damage,Pazuzell,84,140773839,DemonHunter-Vengeance,411997,391171.974.360827.187827.391166.247456.,1,152736,79190,231926,,7,True,,27,kxLdcyKrfm3VZBaF,2685,Scalecommander Sarkareth,5,0,False,04/10/23
12479419,damage,Shlauffu,104,182304349,Priest-Shadow,411997,,1,215329,30244,276103,30530,4,True,,27,kxLdcyKrfm3VZBaF,2685,Scalecommander Sarkareth,5,0,False,04/10/23
12942754,damage,Meeow,95,143983765,Druid-Feral,411997,,1,194788,38838,233626,,3,True,,28,kxLdcyKrfm3VZBaF,2685,Scalecommander Sarkareth,5,0,False,04/10/23
12945572,damage,Pepko,93,178016999,Paladin-Retribution,411997,401187.396092.31884.385126.184662.,1,0,50870,233626,182756,4,True,,28,kxLdcyKrfm3VZBaF,2685,Scalecommander Sarkareth,5,0,False,04/10/23
13022934,damage,Gunqer,183,118902570,Druid-Restoration,411997,410231.,1,212043,42821,254864,,3,True,,28,kxLdcyKrfm3VZBaF,2685,Scalecommander Sarkareth,5,0,False,04/10/23
13024570,damage,Nugera,92,181593749,Evoker-Augmentation,411997,401187.410231.396092.,1,217961,36903,254864,,4,True,,28,kxLdcyKrfm3VZBaF,2685,Scalecommander Sarkareth,5,0,False,04/10/23
13107105,damage,Màmbà,99,183169964,Paladin-Holy,411997,401187.410231.396092.385126.,1,229866,46237,276103,,3,True,,28,kxLdcyKrfm3VZBaF,2685,Scalecommander Sarkareth,5,0,False,04/10/23
13109127,damage,Grubi,94,180755381,Rogue-Subtlety,411997,401187.396092.403275.,1,223910,52193,276103,,4,True,,28,kxLdcyKrfm3VZBaF,2685,Scalecommander Sarkareth,5,0,False,04/10/23
13494341,damage,Meeow,95,143983765,Druid-Feral,411997,,1,194789,38837,233626,,3,True,,29,kxLdcyKrfm3VZBaF,2685,Scalecommander Sarkareth,5,0,False,04/10/23
13495554,damage,Gunqer,183,118902570,Druid-Restoration,411997,410231.20707.,1,194373,39253,233626,,4,True,,29,kxLdcyKrfm3VZBaF,2685,Scalecommander Sarkareth,5,0,False,04/10/23
13495554,damage,Klejnotnilu,89,182929355,DeathKnight-Blood,411997,401187.55233.180612.219788.195181.360827.,1,160384,38198,198582,,,False,Gunqer,29,kxLdcyKrfm3VZBaF,2685,Scalecommander Sarkareth,5,0,False,04/10/23
13573315,damage,Nugera,92,181593749,Evoker-Augmentation,411997,,1,227943,26921,254864,,3,True,,29,kxLdcyKrfm3VZBaF,2685,Scalecommander Sarkareth,5,0,False,04/10/23
13575731,damage,Bärman,88,181432362,Warrior-Fury,411997,396092.,1,183848,55133,254864,15883,4,True,,29,kxLdcyKrfm3VZBaF,2685,Scalecommander Sarkareth,5,0,False,04/10/23
13575731,damage,Grubi,94,180755381,Rogue-Subtlety,411997,396092.45182.1966.,1,32634,222230,254864,,,False,Bärman,29,kxLdcyKrfm3VZBaF,2685,Scalecommander Sarkareth,5,0,False,04/10/23
13948465,damage,Màmbà,99,183169964,Paladin-Holy,411997,401187.410231.414133.31884.385126.6940.,10,0,,,,,False,,30,kxLdcyKrfm3VZBaF,2685,Scalecommander Sarkareth,5,0,True,04/10/23
13948485,damage,Nugera,92,181593749,Evoker-Augmentation,411997,410231.403275.,1,202679,30947,233626,,3,True,,30,kxLdcyKrfm3VZBaF,2685,Scalecommander Sarkareth,5,0,True,04/10/23
13948485,damage,Prohus,91,181500240,Evoker-Augmentation,411997,410231.,1,194518,39108,233626,,,False,Nugera,30,kxLdcyKrfm3VZBaF,2685,Scalecommander Sarkareth,5,0,True,04/10/23
13948485,damage,Gunqer,183,118902570,Druid-Restoration,411997,410231.22812.,1,155498,78128,233626,,,False,Nugera,30,kxLdcyKrfm3VZBaF,2685,Scalecommander Sarkareth,5,0,True,04/10/23
13948485,damage,Peanutmage,131,180616658,Mage-Fire,411997,235313.,1,40672,50235,233626,142719,,False,Nugera,30,kxLdcyKrfm3VZBaF,2685,Scalecommander Sarkareth,5,0,True,04/10/23
13948485,damage,Killeen,102,181540927,Evoker-Devastation,411997,401187.414133.47788.6940.,1,138159,17790,233626,77677,,False,Nugera,30,kxLdcyKrfm3VZBaF,2685,Scalecommander Sarkareth,5,0,True,04/10/23
13950512,damage,Qquo,103,165177271,Priest-Shadow,411997,403275.409678.,1,0,41775,233626,191851,4,True,,30,kxLdcyKrfm3VZBaF,2685,Scalecommander Sarkareth,5,0,True,04/10/23
14031010,damage,Nugera,92,181593749,Evoker-Augmentation,411997,410231.,1,221105,33759,254864,,4,True,,30,kxLdcyKrfm3VZBaF,2685,Scalecommander Sarkareth,5,0,True,04/10/23
4403589,damage,Catherinee,105,180636202,Monk-Windwalker,411997,,1,179033,54593,233626,,3,True,,4,kxLdcyKrfm3VZBaF,2685,Scalecommander Sarkareth,5,0,False,04/10/23
4404819,damage,Shlauffu,104,182304349,Priest-Shadow,411997,403275.,1,119551,64186,233626,49889,4,True,,4,kxLdcyKrfm3VZBaF,2685,Scalecommander Sarkareth,5,0,False,04/10/23
5363640,damage,Màmbà,99,183169964,Paladin-Holy,411997,410231.31884.385126.,10,0,,,,,False,,7,kxLdcyKrfm3VZBaF,2685,Scalecommander Sarkareth,5,0,False,04/10/23
5363663,damage,Qquo,103,165177271,Priest-Shadow,411997,396092.403275.347901.,1,89971,25501,240851,125379,3,True,,7,kxLdcyKrfm3VZBaF,2685,Scalecommander Sarkareth,5,0,False,04/10/23
5363663,damage,Pazuzell,84,140773839,DemonHunter-Vengeance,411997,401187.258920.414133.396092.391171.974.203819.391166.207771.247456.,1,71555,38736,115608,5317,7,True,,7,kxLdcyKrfm3VZBaF,2685,Scalecommander Sarkareth,5,0,False,04/10/23
5363663,damage,Arathil,85,150634218,Warlock-Affliction,411997,401187.108366.396092.108416.,1,0,63553,240851,177298,,False,Pazuzell,7,kxLdcyKrfm3VZBaF,2685,Scalecommander Sarkareth,5,0,False,04/10/23
5363663,damage,Peanutmage,131,180616658,Mage-Fire,411997,401187.,1,162503,76319,240851,2029,,False,Pazuzell,7,kxLdcyKrfm3VZBaF,2685,Scalecommander Sarkareth,5,0,False,04/10/23
5363663,damage,Killeen,102,181540927,Evoker-Devastation,411997,,1,220627,20224,240851,,,False,Pazuzell,7,kxLdcyKrfm3VZBaF,2685,Scalecommander Sarkareth,5,0,False,04/10/23
5363663,damage,Nugera,92,181593749,Evoker-Augmentation,411997,401187.410231.396092.403275.,1,191809,34152,240851,14890,,False,Pazuzell,7,kxLdcyKrfm3VZBaF,2685,Scalecommander Sarkareth,5,0,False,04/10/23
5363663,damage,Cebulaczyna,135,121577266,Hunter-Marksmanship,411997,401187.288613.,1,196680,31813,240851,12358,6,True,,7,kxLdcyKrfm3VZBaF,2685,Scalecommander Sarkareth,5,0,False,04/10/23
5365694,damage,Pepko,93,178016999,Paladin-Retribution,411997,401187.31884.385126.,1,198619,42232,240851,,4,True,,7,kxLdcyKrfm3VZBaF,2685,Scalecommander Sarkareth,5,0,False,04/10/23
6056984,damage,Kryxoria,133,182687721,Priest-Holy,411997,410231.396092.,1,174040,31611,233626,27975,3,True,,8,kxLdcyKrfm3VZBaF,2685,Scalecommander Sarkareth,5,0,False,04/10/23
6059820,damage,Shlauffu,104,182304349,Priest-Shadow,411997,403275.,1,139912,25592,233626,68122,4,True,,8,kxLdcyKrfm3VZBaF,2685,Scalecommander Sarkareth,5,0,False,04/10/23
7686615,damage,Meeow,169,143983765,Druid-Feral,411997,,1,194788,38838,233626,,3,True,,53,p4mCM67WgPz3fBDq,2685,Scalecommander Sarkareth,5,0,False,24/09/23
7686615,damage,Killeen,178,181540927,Evoker-Devastation,411997,363916.47788.,1,137444,96182,233626,,,False,Meeow,53,p4mCM67WgPz3fBDq,2685,Scalecommander Sarkareth,5,0,False,24/09/23
7686615,damage,Gunqer,3,118902570,Druid-Restoration,411997,410231.20707.401187.,1,191629,41997,233626,,4,True,,53,p4mCM67WgPz3fBDq,2685,Scalecommander Sarkareth,5,0,False,24/09/23
7686615,damage,Cebulaczyna,133,121577266,Hunter-Marksmanship,411997,288613.396092.,1,211854,21772,233626,,6,True,,53,p4mCM67WgPz3fBDq,2685,Scalecommander Sarkareth,5,0,False,24/09/23
7686615,damage,Peanutmage,228,180616658,Mage-Fire,411997,403295.,1,0,48930,233626,184696,,False,Cebulaczyna,53,p4mCM67WgPz3fBDq,2685,Scalecommander Sarkareth,5,0,False,24/09/23
7687411,damage,Gunqer,3,118902570,Druid-Restoration,411997,410231.20707.401187.,1,191630,41996,233626,,4,True,,53,p4mCM67WgPz3fBDq,2685,Scalecommander Sarkareth,5,0,False,24/09/23
7687411,damage,Arathil,1,150634218,Warlock-Affliction,411997,396092.,1,209278,24348,233626,,,False,Gunqer,53,p4mCM67WgPz3fBDq,2685,Scalecommander Sarkareth,5,0,False,24/09/23
7687411,damage,Peanutmage,228,180616658,Mage-Fire,411997,403295.,1,145929,48930,233626,,,False,Gunqer,53,p4mCM67WgPz3fBDq,2685,Scalecommander Sarkareth,5,0,False,24/09/23
7687411,damage,Pepko,170,178016999,Paladin-Retribution,411997,31884.396092.385126.,1,190906,42720,233626,,,False,Gunqer,53,p4mCM67WgPz3fBDq,2685,Scalecommander Sarkareth,5,0,False,24/09/23
7687411,damage,Catherinee,177,180636202,Monk-Windwalker,411997,122470.120954.,1,0,86728,233626,146898,,False,Gunqer,53,p4mCM67WgPz3fBDq,2685,Scalecommander Sarkareth,5,0,False,24/09/23
7687436,damage,Cebulaczyna,133,121577266,Hunter-Marksmanship,411997,288613.396092.,1,19251,21772,233626,,6,True,,53,p4mCM67WgPz3fBDq,2685,Scalecommander Sarkareth,5,0,False,24/09/23
8144361,damage,Lefox,223,175528845,Shaman-Restoration,411997,410231.396092.,1,180634,60217,240851,,3,True,,54,p4mCM67WgPz3fBDq,2685,Scalecommander Sarkareth,5,0,False,24/09/23
8146383,damage,Màmbà,96,183169964,Paladin-Holy,411997,31884.498.410231.6940.414133.375342.401187.,10,0,,,,4,True,,54,p4mCM67WgPz3fBDq,2685,Scalecommander Sarkareth,5,0,False,24/09/23
8146383,damage,Nugera,14,181593749,Evoker-Augmentation,411997,410231.396092.,1,217654,23197,240851,,,False,Màmbà,54,p4mCM67WgPz3fBDq,2685,Scalecommander Sarkareth,5,0,False,24/09/23
8146383,damage,Killeen,178,181540927,Evoker-Devastation,411997,363916.6940.47788.,1,103194,93432,240851,44225,,False,Màmbà,54,p4mCM67WgPz3fBDq,2685,Scalecommander Sarkareth,5,0,False,24/09/23
9482453,damage,Màmbà,96,183169964,Paladin-Holy,411997,31884.410231.6940.396092.385126.401187.,10,0,,,,3,True,,58,p4mCM67WgPz3fBDq,2685,Scalecommander Sarkareth,5,0,False,24/09/23
9484888,damage,Owsianko,10,180528313,DeathKnight-Unholy,411997,48707.396092.401187.,1,0,9755,233626,223871,4,True,,58,p4mCM67WgPz3fBDq,2685,Scalecommander Sarkareth,5,0,False,24/09/23
9484888,damage,Kryxoria,186,182687721,Priest-Holy,411997,410231.396092.375342.,1,202015,31611,233626,,,False,Owsianko,58,p4mCM67WgPz3fBDq,2685,Scalecommander Sarkareth,5,0,False,24/09/23
9484888,damage,Lefox,223,175528845,Shaman-Restoration,411997,410231.396092.401187.,1,182793,50833,233626,,,False,Owsianko,58,p4mCM67WgPz3fBDq,2685,Scalecommander Sarkareth,5,0,False,24/09/23
12130975,damage,Shlauffu,229,182304349,Priest-Shadow,411997,,1,56311,41392,233626,135923,3,True,,65,p4mCM67WgPz3fBDq,2685,Scalecommander Sarkareth,5,0,False,24/09/23
12132597,damage,Arathil,1,150634218,Warlock-Affliction,411997,108366.396092.409678.401187.,1,0,68207,233626,165419,4,True,,65,p4mCM67WgPz3fBDq,2685,Scalecommander Sarkareth,5,0,False,24/09/23
13624625,damage,Pepko,170,178016999,Paladin-Retribution,411997,31884.396092.385126.,1,196810,36816,233626,,3,True,,70,p4mCM67WgPz3fBDq,2685,Scalecommander Sarkareth,5,0,False,24/09/23
13624625,damage,Klejnotnilu,227,182929355,DeathKnight-Blood,411997,360827.195181.219809.180612.81256.219788.,1,165803,32779,198582,,,False,Pepko,70,p4mCM67WgPz3fBDq,2685,Scalecommander Sarkareth,5,0,False,24/09/23
13626644,damage,Shlauffu,229,182304349,Priest-Shadow,411997,409678.403275.,1,0,47160,233626,186466,4,True,,70,p4mCM67WgPz3fBDq,2685,Scalecommander Sarkareth,5,0,False,24/09/23
13626644,damage,Pepko,170,178016999,Paladin-Retribution,411997,31884.396092.385126.,1,196810,36816,233626,,,False,Shlauffu,70,p4mCM67WgPz3fBDq,2685,Scalecommander Sarkareth,5,0,False,24/09/23
14139682,damage,Arathil,1,150634218,Warlock-Affliction,411997,108366.396092.,1,70599,32302,233626,130725,3,True,,71,p4mCM67WgPz3fBDq,2685,Scalecommander Sarkareth,5,0,False,24/09/23
14140903,damage,Lefox,223,175528845,Shaman-Restoration,411997,410231.396092.,1,192164,41462,233626,,4,True,,71,p4mCM67WgPz3fBDq,2685,Scalecommander Sarkareth,5,0,False,24/09/23
14554123,damage,Nugera,14,181593749,Evoker-Augmentation,411997,410231.414133.,1,196753,16466,240851,27632,3,True,,72,p4mCM67WgPz3fBDq,2685,Scalecommander Sarkareth,5,0,False,24/09/23
14556147,damage,Kryxoria,186,182687721,Priest-Holy,411997,410231.396092.,1,214704,26147,240851,,4,True,,72,p4mCM67WgPz3fBDq,2685,Scalecommander Sarkareth,5,0,False,24/09/23
14556147,damage,Nugera,14,181593749,Evoker-Augmentation,411997,410231.409678.,1,61530,16466,240851,162855,,False,Kryxoria,72,p4mCM67WgPz3fBDq,2685,Scalecommander Sarkareth,5,0,False,24/09/23
14951795,damage,Bärman,168,181432362,Warrior-Fury,411997,23920.414133.385391.396092.,1,127338,88692,233626,17596,3,True,,73,p4mCM67WgPz3fBDq,2685,Scalecommander Sarkareth,5,0,False,24/09/23
14954646,damage,Owsianko,10,180528313,DeathKnight-Unholy,411997,48707.396092.,1,0,7158,198582,191424,4,True,,73,p4mCM67WgPz3fBDq,2685,Scalecommander Sarkareth,5,0,False,24/09/23
15031898,damage,Grubi,6,180755381,Rogue-Assassination,411997,396092.,1,87242,29696,254864,,3,True,,73,p4mCM67WgPz3fBDq,2685,Scalecommander Sarkareth,5,0,False,24/09/23
5501671,damage,Kryxoria,3,182687721,Priest-Holy,411997,396092.20707.410231.,1,195965,30652,226617,,3,True,,19,v2KDbnaLkF4XYxTV,2685,Scalecommander Sarkareth,5,0,False,07/09/23
5501671,damage,Cebulaczyna,15,121577266,Hunter-Marksmanship,411997,288613.396092.,1,205509,21108,226617,,6,True,,19,v2KDbnaLkF4XYxTV,2685,Scalecommander Sarkareth,5,0,False,07/09/23
5501671,damage,Oprychbartek,42,180532497,Rogue-Assassination,411997,396092.,1,181014,45603,226617,,,False,Cebulaczyna,19,v2KDbnaLkF4XYxTV,2685,Scalecommander Sarkareth,5,0,False,07/09/23
5501671,damage,Wajpcieto,31,162459010,Shaman-Enhancement,411997,396092.,1,174660,51957,226617,,,False,Cebulaczyna,19,v2KDbnaLkF4XYxTV,2685,Scalecommander Sarkareth,5,0,False,07/09/23
5501671,damage,Grubi,9,180755381,Rogue-Subtlety,411997,396092.386237.,1,175442,51175,226617,,,False,Cebulaczyna,19,v2KDbnaLkF4XYxTV,2685,Scalecommander Sarkareth,5,0,False,07/09/23
5501671,damage,Lefox,10,175528845,Shaman-Restoration,411997,410231.381684.396092.,1,194475,32142,226617,,,False,Cebulaczyna,19,v2KDbnaLkF4XYxTV,2685,Scalecommander Sarkareth,5,0,False,07/09/23
5501671,damage,Màmbà,1,183169964,Paladin-Holy,411997,396092.410231.31884.385126.,1,185049,32229,226617,9339,,False,Cebulaczyna,19,v2KDbnaLkF4XYxTV,2685,Scalecommander Sarkareth,5,0,False,07/09/23
5501671,damage,Peanutmage,5,180616658,Mage-Fire,411997,,1,182331,44286,226617,,,False,Cebulaczyna,19,v2KDbnaLkF4XYxTV,2685,Scalecommander Sarkareth,5,0,False,07/09/23
5501698,damage,Meeow,12,143983765,Druid-Feral,411997,,1,192120,34497,226617,,,False,Cebulaczyna,19,v2KDbnaLkF4XYxTV,2685,Scalecommander Sarkareth,5,0,False,07/09/23
5503296,damage,Prohus,4,181500240,Evoker-Augmentation,411997,403264.410231.,1,195357,31260,226617,,4,True,,19,v2KDbnaLkF4XYxTV,2685,Scalecommander Sarkareth,5,0,False,07/09/23
9025277,damage,Koozkie,5,154435992,Mage-Frost,411997,,1,208696,24930,233626,,3,True,,59,vwJQzXD3Z2HgLWGy,2685,Scalecommander Sarkareth,5,0,False,17/09/23
9027674,damage,Gunqer,69,118902570,Druid-Restoration,411997,410231.20707.,1,0,39253,233626,194373,4,True,,59,vwJQzXD3Z2HgLWGy,2685,Scalecommander Sarkareth,5,0,False,17/09/23
9027677,damage,Killeen,211,181540927,Evoker-Devastation,411997,363916.403275.,1,30977,102381,233626,,,False,Gunqer,59,vwJQzXD3Z2HgLWGy,2685,Scalecommander Sarkareth,5,0,False,17/09/23
10737604,damage,Qquo,131,165177271,Priest-Shadow,411997,396092.,1,135381,23979,226617,67257,3,True,,65,vwJQzXD3Z2HgLWGy,2685,Scalecommander Sarkareth,5,0,False,17/09/23
13611389,damage,Cebulaczyna,39,121577266,Hunter-Marksmanship,411997,186265.288613.401187.,9,0,,,,6,True,,76,vwJQzXD3Z2HgLWGy,2685,Scalecommander Sarkareth,5,0,False,17/09/23
13611389,damage,Pazuzell,4,140773839,DemonHunter-Vengeance,411997,396092.203981.258920.391171.391166.360827.203819.207771.247456.,1,84999,29216,114215,,,False,Cebulaczyna,76,vwJQzXD3Z2HgLWGy,2685,Scalecommander Sarkareth,5,0,False,17/09/23
14039937,damage,Oprychbartek,209,180532497,Rogue-Assassination,411997,1966.396092.,1,205310,21307,226617,,3,True,,77,vwJQzXD3Z2HgLWGy,2685,Scalecommander Sarkareth,5,0,False,17/09/23
14042756,damage,Catherinee,220,180636202,Monk-Windwalker,411997,120954.401187.,1,141826,84791,226617,,4,True,,77,vwJQzXD3Z2HgLWGy,2685,Scalecommander Sarkareth,5,0,False,17/09/23
14042756,damage,Owsianko,157,180528313,DeathKnight-Blood,411997,396092.219788.195181.55233.81256.360827.401187.180612.,1,151624,41000,192624,,,False,Catherinee,77,vwJQzXD3Z2HgLWGy,2685,Scalecommander Sarkareth,5,0,False,17/09/23
14627049,damage,Nugera,2,181593749,Evoker-Augmentation,411997,396092.,1,101427,23181,240851,,3,True,,78,vwJQzXD3Z2HgLWGy,2685,Scalecommander Sarkareth,5,0,False,17/09/23
15948247,damage,Pepko,221,178016999,Paladin-Retribution,411997,385126.31884.,1,175033,65818,240851,,4,True,,83,vwJQzXD3Z2HgLWGy,2685,Scalecommander Sarkareth,5,0,False,17/09/23
